David de Gea --- david-de-gea
Anders Lindegaar --- anders-lindegaard
Víctor Valdés --- victor-valdes
Ben Amos --- ben-amos
Rafael --- rafael
Luke Shaw --- luke-shaw
Phil Jones --- phil-jones
Marcos Rojo --- marcos-rojo
Jonny Evans --- jonny-evans
Chris Smalling --- chris-smalling
Patrick McNair --- patrick-mcnair
Marnick Vermijl --- marnick-vermijl
Saidy Janko --- saidy-janko
Tom Thorpe --- tom-thorpe
Reece James --- reece-james
Tyler Blackett --- tyler-blackett-blackett
Ángel Di María --- angel-di-maria
Juan Mata --- juan-mata
Adnan Januzaj --- adnan-januzaj
Michael Carrick --- michael-carrick
Daley Blind --- daley-blind
Ashley Young --- ashley-young
Ander Herrera --- ander-herrera
Nick Powell --- nick-powell
Darren Fletcher --- darren-fletcher
Antonio Valencia --- antonio-valencia
Anderson --- anderson-oliveira
Marouane Fellain --- marouane-fellaini
Jesse Lingard --- jesse-lingard
Andreas Pereira --- andreas-pereira
Nani --- nani
Falcao --- falcao
Wayne Rooney --- wayne-rooney
Javier Hernánde --- javier-hernandez
Robin van Persie --- robin-van-persie
Will Keane --- william-keane
James Wilson --- james-wilson
Petr Cech --- petr-cech
Thibaut Courtois --- thibaut-courtois
Mark Schwarzer --- mark-schwarzer
Mitchell Beeney --- mitchell-beeney
Branislav Ivanov --- branislav-ivanovic
Filipe Luis --- filipe-luis
Kurt Zouma --- kurt-zouma
Nathan Aké --- nathan-ake
Gary Cahill --- gary-cahill
John Terry --- john-terry
César Azpilicue --- cesar-azpilicueta
Andreas Christen --- andreas-christensen
Cesc Fàbregas --- francesc-fabregas
Ramires --- ramires
Oscar --- oscar-dos-santos-emboaba-junior
Eden Hazard --- eden-hazard
John Obi Mikel --- john-obi-mikel
André Schürrle --- andre-schurrle
Mohamed Salah --- mohamed-salah
Nemanja Matic --- nemanja-matic
Willian --- willian-borges-da-silva
Jeremie Boga --- jeremie-boga
Lewis Baker --- lewis-baker
Ruben Loftus-Che --- ruben-loftus-cheek
Nathaniel Chalob --- nathaniel-chalobah
Didier Drogba --- didier-drogba
Loïc Remy --- loic-remy
Diego Costa --- diego-costa
Dominic Solanke --- dominic-solanke
Izzy Brown --- isaiah-brown
Bradley Jones --- bradley-jones
Simon Mignolet --- simon-mignolet
Danny Ward --- danny-ward
Glen Johnson --- glen-johnson
José Enrique --- jose-enrique
Kolo Touré --- kolo-toure
Dejan Lovren --- dejan-lovren
Mamadou Sakho --- mamadou-sakho
Alberto Moreno --- alberto-moreno
Javier Manquillo --- javier-manquillo
Martin Skrtel --- martin-skrtel
Jon Flanagan --- jon-flanagan
Ryan McLaughlin --- ryan-mclaughlin
Jordan Williams --- jordan-williams
Steven Gerrard --- steven-gerrard
Philippe Coutinh --- philippe-coutinho
Jordan Henderson --- jordan-henderson
Adam Lallana --- adam-lallana
Lucas Leiva --- lucas-leiva
Emre Can --- emre-can
Joe Allen --- joe-allen
Suso --- suso
Raheem Sterling --- raheem-sterling
Jordan Rossiter --- jordan-rossiter
Seyi Ojo --- seyi-ojo
Rickie Lambert --- rickie-lambert
Daniel Sturridge --- daniel-sturridge
Fabio Borini --- fabio-borini
Mario Balotelli --- mario-balotelli
Lazar Markovic --- lazar-markovic
Diego Alves --- diego-alves
Yoel --- yoel
Jaume --- jaume
João Cancelo --- joao-cancelo
Rubén Vezo --- ruben-vezo
Shkodran Mustafi --- shkodran-mustafi
Lucas Orban --- lucas-orban
João Pereira --- joao-pereira
Antonio Barragá --- antonio-barragan
Nicolás Otamend --- nicolas-otamendi
José Gayá --- jose-gaya
Carles Gil --- carles-gil
Filipe Augusto --- filipe-augusto
Sofiane Feghouli --- sofiane-feghouli
Daniel Parejo --- daniel-parejo
Enzo Pérez --- enzo-perez
Bruno Zuculini --- bruno-zuculini
Javi Fuego --- javi-fuego
Rodrigo de Paul --- rodrigo-de-paul
André Gomes --- andre-gomes
Roberto Ibáñez --- robert-ibanez
Álvaro Negredo --- alvaro-negredo
Paco Alcácer --- paco-alcacer
Pablo Piatti --- pablo-piatti
Rodrigo --- rodrigo-moreno-machado
Wojciech Szczesn --- wojciech-szczesny
David Ospina --- david-ospina
Emiliano Martine --- damian-martinez
Ryan Huddart --- ryan-huddart
Deyan Iliev --- deyan-iliev
Matt Macey --- matt-macey
Mathieu Debuchy --- mathieu-debuchy
Kieran Gibbs --- kieran-gibbs
Per Mertesacker --- per-mertesacker
Laurent Koscieln --- laurent-koscielny
Nacho Monreal --- nacho-monreal
Calum Chambers --- calum-chambers
Semi Ajayi --- semi-ajayi
Héctor Bellerí --- hector-bellerin
Isaac Hayden --- isaac-hayden
Stefan O'Connor --- stefan-oconnor
Tomas Rosicky --- tomas-rosicky
Mikel Arteta --- mikel-arteta
Jack Wilshere --- jack-wilshere
Mesut Özil --- mesut-ozil
Alex Oxlade-Cham --- alex-oxlade-chamberlain
Aaron Ramsey --- aaron-ramsey
Santiago Cazorla --- santiago-cazorla
Mathieu Flamini --- mathieu-flamini
Vassiriki Abou D --- vassiriki-abou-diaby
Serge Gnabry --- serge-gnabry
Francis Coquelin --- francis-coquelin
Gedion Zelalem --- gedion-zelalem
Alex Iwobi --- alex-iwobi
Glen Kamara --- glen-kamara
Ainsley Maitland --- ainsley-maitland-niles
Lukas Podolski --- lukas-podolski
Olivier Giroud --- olivier-giroud
Theo Walcott --- theo-walcott
Alexis Sánchez --- alexis-sanchez
Yaya Sanogo --- yaya-sanogo
Danny Welbeck --- danny-welbeck
Joel Campbell --- joel-campbell
Chuba Akpom --- chuba-akpom
Luke McGee --- luke-mcgee
Hugo Lloris --- hugo-lloris
Michel Vorm --- michel-vorm
Brad Friedel --- brad-friedel
Jordan Archer --- jordan-archer
Bongani Khumalo --- bongani-khumalo
Kyle Walker --- kyle-walker
Danny Rose --- danny-rose
Younes Kaboul --- younes-kaboul
Jan Vertonghen --- jan-vertonghen
Vlad Chiriches --- vlad-chiriches
DeAndre Yedlin --- deandre-yedlin
Eric Dier --- eric-dier
Kyle Naughton --- kyle-naughton
Federico Fazio --- federico-fazio
Benoit Assou-Eko --- benoit-assou-ekotto
Ben Davies --- ben-davies
Dominic Ball --- dominic-ball
Aaron Lennon --- aaron-lennon
Paulinho --- paulinho
Erik Lamela --- erik-lamela
Andros Townsend --- andros-townsend
Mousa Dembélé --- mousa-dembele
Nacer Chadli --- nacer-chadli
Christian Erikse --- christian-eriksen
Benjamin Stambou --- benjamin-stambouli
Etienne Capoue --- etienne-capoue
Ryan Mason --- ryan-mason
Cristian Ceballo --- cristian-ceballos
Nabil Bentaleb --- nabil-bentaleb
Harry Winks --- harry-winks
Josh Onomah --- josh-onomah
Roberto Soldado --- roberto-soldado
Emmanuel Adebayo --- emmanuel-adebayor
Harry Kane --- harry-kane
Kelvin Davis --- kelvin-davis
Fraser Forster --- fraser-forster
Paulo Gazzaniga --- paulo-gazzaniga
Cody Cropper --- cody-cropper
Nathaniel Clyne --- nathaniel-clyne
Maya Yoshida --- maya-yoshida
Florin Gardos --- florin-gardos
Jose Fonte --- jose-fonte
Toby Alderweirel --- toby-alderweireld
Ryan Bertrand --- ryan-bertrand
Jos Hooiveld --- jos-hooiveld
Jason McCarthy --- jason-mccarthy
Matt Targett --- matt-targett
Morgan Schneider --- morgan-schneiderlin
Steven Davis --- steven-davis
Sadio Mané --- sadio-mane
Dusan Tadic --- dusan-tadic
Victor Wanyama --- victor-wanyama
James Ward-Prows --- james-ward-prowse
Jack Cork --- jack-cork
Eljero Elia --- eljero-elia
Lloyd Isgrove --- lloyd-isgrove
Harrison Reed --- harrison-reed
Sam McQueen --- sam-mcqueen
Jake Hesketh --- jake-hesketh
Dominic Gape --- dominic-gape
Shane Long --- shane-long
Jay Rodriguez --- jay-rodriguez
Graziano Pellè --- graziano-pelle
Emmanuel Mayuka --- emmanuel-mayuka
Sam Gallagher --- sam-gallagher
Ryan Seager --- ryan-seager
Joe Hart --- joe-hart
Willy Caballero --- willy-caballero
Richard Wright --- richard-wright
Bacary Sagna --- bacary-sagna
Vincent Kompany --- vincent-kompany
Pablo Zabaleta --- pablo-zabaleta
Aleksandar Kolar --- aleksandar-kolarov
Eliaquim Mangala --- eliaquim-mangala
Gaël Clichy --- gael-clichy
Martín Demichel --- martin-demichelis
Matija Nastasic --- matija-nastasic
Dedryck Boyata --- dedryck-boyata
Angelino --- angelino
Fernando --- fernando-reges
James Milner --- james-milner
Samir Nasri --- samir-nasri
Scott Sinclair --- scott-sinclair
Jesús Navas --- jesus-navas
Frank Lampard --- frank-lampard
David Silva --- david-silva
Fernandinho --- fernandinho
Yaya Touré --- yaya-toure
Bersant Celina --- bersant-celina
George Glendon --- george-glendon
Sinan Bytyqi --- sinan-bytyqi
Jose Pozo --- jose-pozo
Edin Dzeko --- edin-dzeko
Sergio Agüero --- sergio-aguero
Stevan Jovetic --- stevan-jovetic
Thierry Ambrose --- thierry-ambrose
Iker Casillas --- iker-casillas
Keylor Navas --- keylor-navas
Fernando Pacheco --- fernando-pacheco
Raphael Varane --- raphael-varane
Pepe --- pepe
Sergio Ramos --- sergio-ramos
Fábio Coentrão --- fabio-coentrao
Marcelo --- marcelo
Daniel Carvajal --- daniel-carvajal
Álvaro Arbeloa --- alvaro-arbeloa
Nacho --- nacho-fernandez-iglesias
Diego Llorente --- diego-llorente
Sami Khedira --- sami-khedira
Toni Kroos --- toni-kroos
James Rodríguez --- james-rodriguez
Luka Modric --- luka-modric
Isco --- isco
Asier Illarramen --- asier-illarramendi
Álvaro Medrán --- alvaro-medran
Marcos Llorente --- marcos-llorente
Cristiano Ronald --- cristiano-ronaldo
Karim Benzema --- karim-benzema
Gareth Bale --- gareth-bale
Javier Hernánde --- javier-hernandez
Jesé --- jese
Raúl de Tomás --- raul-de-tomas
Marc-André ter  --- marc-andre-ter-stegen
Claudio Bravo --- claudio-bravo
Jordi Masip --- jordi-masip
Martín Montoya --- martin-montoya
Gerard Piqué --- gerard-pique
Javier Mascheran --- javier-mascherano
Marc Bartra --- marc-bartra
Douglas --- douglas-pereira-dos-santos
Jordi Alba --- jordi-alba
Adriano --- adriano
Dani Alves --- dani-alves
Thomas Vermaelen --- thomas-vermaelen
Jeremy Mathieu --- jeremy-mathieu
Ivan Rakitic --- ivan-rakitic
Sergio Busquets --- sergio-busquets
Xavi --- xavi
Andrés Iniesta --- andres-iniesta
Rafinha --- rafinha-alcantara-do-nascimento
Sergi Roberto --- sergi-roberto
Sergi Samper --- sergi-samper
Pedro --- pedro
Luis Suárez --- luis-suarez
Lionel Messi --- lionel-messi
Neymar --- neymar
Sandro Ramírez --- sandro-ramirez
Munir El Haddadi --- munir-el-haddadi
AdriĂĄn --- adrian
Jussi JĂ¤Ă¤skelĂ --- jussi-jaaskelainen
Raphael Spiegel --- raphael-spiegel
Doneil Henry --- doneil-henry
Winston Reid --- winston-reid
Aaron Cresswell --- aaron-cresswell-cresswell
James Tomkins --- james-tomkins
Joey O'Brien --- joey-obrien
Carl Jenkinson --- carl-jenkinson
James Collins --- james-collins
Guy Demel --- guy-demel
Reece Burke --- reece-burke
Daniel Potts --- daniel-potts
Reece Oxford --- reece-oxford
Lewis Page --- lewis-page
Kevin Nolan --- kevin-nolan
Matthew Jarvis --- matthew-jarvis
Cheikhou KouyatĂ --- cheikhou-kouyate
Stewart Downing --- stewart-downing
Mark Noble --- mark-noble
Morgan Amalfitan --- morgan-amalfitano
Diego Poyet --- diego-poyet-poyet
Alexandre Song --- alexandre-song
Ravel Morrison --- ravel-morrison
Sebastian Lletge --- sebastian-lletget
Andy Carroll --- andy-carroll
Ricardo Vaz Te --- ricardo-vaz-te
Diafra Sakho --- diafra-sakho
Carlton Cole --- carlton-cole
Enner Valencia --- enner-valencia
Elliot Lee --- elliot-lee
Jasper Cillessen --- jasper-cillessen
Peter Leeuwenbur --- peter-leeuwenburgh
Diederik Boer --- diederik-boer
Norbert Alblas --- norbert-alblas
Ricardo van Rhij --- ricardo-van-rhijn
Joël Veltman --- joel-veltman
Niklas Moisander --- niklas-moisander
Nicolai Boilesen --- nicolai-boilesen
Mike van der Hoo --- mike-van-der-hoorn
Jaïro Riedewald --- jairo-riedewald
Kenny Tete --- kenny-tete
Nick Viergever --- nick-viergever
Riechedly Bazoer --- riechedly-bazoer
Ruben Ligeon --- ruben-ligeon
Lerin Duarte --- lerin-duarte
Davy Klaassen --- davy-klaassen
Lucas Andersen --- lucas-andersen
Robert Muric --- robert-muric
Lasse Schöne --- lasse-schone
Thulani Serero --- thulani-serero
Niki Zimling --- niki-zimling
Viktor Fischer --- viktor-fischer
Kolbeinn Sigthor --- kolbeinn-sigthorsson
Ricardo Kishna --- ricardo-kishna
Arkadiusz Milik --- arkadiusz-milik
Anwar El Ghazi --- anwar-el-ghazi
Tobias Sana --- tobias-sana
Richairo Zivkovi --- richairo-zivkovic
Queensy Menig --- queensy-menig
Yanick van Osch --- yanick-van-osch
Jeroen Zoet --- jeroen-zoet
Remko Pasveer --- remko-pasveer
Nigel Bertrams --- nigel-bertrams
Nicolas Isimat-M --- nicolas-isimat-mirin
Karim Rekik --- karim-rekik
Santiago Arias --- santiago-arias
Jeffrey Bruma --- jeffrey-bruma
Jetro Willems --- jetro-willems
Joshua Brenet --- joshua-brenet
Menno Koch --- menno-koch
Abel Tamata --- abel-tamata
Jorrit Hendrix --- jorrit-hendrix
Jordy de Wijs --- jordy-de-wijs
Adam Maher --- adam-maher
Stijn Schaars --- stijn-schaars
Georginio Wijnal --- georginio-wijnaldum
Andrés Guardado --- andres-guardado
Marcel Ritzmaier --- marcel-ritzmaier
Clint Leemans --- clint-leemans
Oscar Hiljemark --- oscar-hiljemark
Aleksandar Bolje --- aleksandar-boljevic
Kenneth Paal --- kenneth-paal
Steven Bergwijn --- steven-bergwijn
Memphis Depay --- memphis-depay
Luuk de Jong --- luuk-de-jong
Luciano Narsingh --- luciano-narsingh
Florian Jozefzoo --- florian-jozefzoon
Jürgen Locadia --- jurgen-locadia
Rai Vloet --- rai-vloet
Zakaria Bakkali --- zakaria-bakkali
Erwin Mulder --- erwin-mulder
Ronald Graafland --- ronald-graafland
Kenneth Vermeer --- kenneth-vermeer
Luke Wilkshire --- luke-wilkshire
Joris Mathijsen --- joris-mathijsen
Terence Kongolo --- terence-kongolo
Miquel Nelom --- miquel-nelom
Sven van Beek --- sven-van-beek
Khalid Boulahrou --- khalid-boulahrouz
Lucas Woudenberg --- lucas-woudenberg
Rodny Lopes Cabr --- rodney-lopes-cabral
Jordy Clasie --- jordy-clasie
Karim El Ahmadi --- karim-el-ahmadi
Lex Immers --- lex-immers
Matthew Steenvoo --- matthew-steenvoorden
Jari Schuurman --- jari-schuurman
Tonny Vilhena --- tonny-vilhena
Bart Nieuwkoop --- bart-nieuwkoop
Rick Karsdorp --- rick-karsdorp
Jens Toornstra --- jens-toornstra
Jean-Paul Boëti --- jean-paul-boetius
Wesley Verhoek --- wesley-verhoek
Bilal Basacikogl --- bilal-basacikoglu
Colin Kazim-Rich --- colin-kazim-richards
Elvis Manu --- elvis-manu
Mitchell te Vred --- mitchell-te-vrede
Ruben Schaken --- ruben-schaken
Anass Achahbar --- anass-achahbar
Wessell Dammers --- wessell-dammers
Roman Weidenfell --- roman-weidenfeller
Mitchell Langera --- mitchell-langerak
Zlatan Alomerovi --- zlatan-alomerovic
Hendrik Bonmann --- hendrik-bonmann
Marc Hornschuh --- marc-hornschuh
Neven Subotic --- neven-subotic
Mats Hummels --- mats-hummels
Marian Sarr --- marian-sarr
Sokratis --- sokratis
Lukasz Piszczek --- lukasz-piszczek
Matthias Ginter --- matthias-ginter
Marcel Schmelzer --- marcel-schmelzer
Khaled Narey --- khaled-narey
Jannik Bandowski --- jannik-bandowski
Erik Durm --- erik-durm
Jon Gorenc-Stank --- jon-gorenc-stankovic
Sebastian Kehl --- sebastian-kehl
Sven Bender --- sven-bender
Shinji Kagawa --- shinji-kagawa
Ilkay Gündogan --- ilkay-gundogan
Henrikh Mkhitary --- henrikh-mkhitaryan
Marco Reus --- marco-reus
Milos Jojic --- milos-jojic
Jakub Blaszczyko --- jakub-blaszczykowski
Pierre-Emerick A --- pierre-emerick-aubameyang
Nuri Sahin --- nuri-sahin
Kevin Großkreut --- kevin-groskreutz
Oliver Kirch --- oliver-kirch
Mitsuru Maruoka --- mitsuru-maruoka
Joseph-Claude Gy --- joseph-claude-gyau
Mustafa Amini --- mustafa-amini
Ciro Immobile --- ciro-immobile
Adrián Ramos --- adrian-ramos
Dong-Won Ji --- dong-won-ji
Yann Sommer --- yann-sommer
Janis Blaswich --- janis-blaswich
Christofer Heime --- christofer-heimeroth
Filip Daems --- filip-daems
Roel Brouwers --- roel-brouwers
Álvaro Domíngu --- alvaro-dominguez
Oscar Wendt --- oscar-wendt
Fabian Johnson --- fabian-johnson
Nico Brandenburg --- nico-brandenburger-brandenburger
Tony Jantschke --- tony-jantschke
Julian Korb --- julian-korb
Martin Stranzl --- martin-stranzl
Bilal Sezer --- bilal-sezer
Mahmoud Dahoud --- mahmoud-dahoud
Patrick Herrmann --- patrick-herrmann
Ibrahima Traoré --- ibrahima-traore
Thorben Marx --- thorben-marx
Havard Nordtveit --- havard-nordtveit
Marvin Schulz --- marvin-schulz
Christoph Kramer --- christoph-kramer
Thorgan Hazard --- thorgan-hazard
André Hahn --- andre-hahn
Granit Xhaka --- granit-xhaka
Max Kruse --- max-kruse
Raffael --- raffael
Branimir Hrgota --- branimir-hrgota
Marlon Ritter --- marlon-ritter
Manuel Neuer --- manuel-neuer
Tom Starke --- tom-starke
José Reina --- jose-reina
Leopold Zingerle --- leopold-zingerle
Dante --- dante-costa-santos
Medhi Benatia --- mehdi-benatia
Rafinha --- rafinha
Jerome Boateng --- jerome-boateng
Juan Bernat --- juan-bernat
Philipp Lahm --- philipp-lahm
David Alaba --- david-alaba
Holger Badstuber --- holger-badstuber
Xabi Alonso --- xabi-alonso
Thiago Alcántar --- thiago-alcantara
Franck Ribéry --- franck-ribery
Javi Martínez --- javi-martinez
Arjen Robben --- arjen-robben
Lucas-Julian Sch --- lucas-julian-scholl
Gianluca Gaudino --- gianluca-gaudino
Mario Götze --- mario-gotze
Sebastian Rode --- sebastian-rode
Thomas Müller --- thomas-muller
Mitchell Weiser --- mitchell-weiser
Bastian Schweins --- bastian-schweinsteiger
Pierre-Emile Hö --- pierre-emile-hojbjerg
Xherdan Shaqiri --- xherdan-shaqiri
Robert Lewandows --- robert-lewandowski
Claudio Pizarro --- claudio-pizarro
Sinan Kurt --- sinan-kurt
Patrick Weihrauc --- patrick-weihrauch
Diego Benaglio --- diego-benaglio
Max Grün --- max-grun
Patrick Drewes --- patrick-drewes
Marcel Schäfer --- marcel-schafer
Timm Klose --- timm-klose
Christian Träsc --- christian-trasch
Sebastian Jung --- sebastian-jung
Naldo --- naldo
Felipe Lopes --- felipe-lopes
Robin Knoche --- robin-knoche
Ricardo Rodrigue --- ricardo-rodriguez
Moritz Sprenger --- moritz-sprenger
Patrick Ochs --- patrick-ochs
Daniel Caligiuri --- daniel-caligiuri
Vieirinha --- vieirinha
Ivan Perisic --- ivan-perisic
Aaron Hunt --- aaron-hunt
Kevin De Bruyne --- kevin-de-bruyne
Junior Malanda --- junior-malanda
Luiz Gustavo --- luiz-gustavo
Josuha Guilavogu --- josuha-guilavogui
Maximilian Arnol --- maximilian-arnold
Xizhe Zhang --- xizhe-zhang
Paul Seguin --- paul-seguin
Nicklas Bendtner --- nicklas-bendtner
Ivica Olic --- ivica-olic
Bas Dost --- bas-dost
Oskar Zawada --- oskar-zawada
Bernd Leno --- bernd-leno
David Yelldell --- david-yelldell
Dario Kresic --- dario-kresic
Niklas Lomb --- niklas-lomb
Emir Spahic --- emir-spahic
Roberto Hilbert --- roberto-hilbert
Kyriakos Papadop --- kyriakos-papadopoulos
Tin Jedvaj --- tin-jedvaj
Sebastian Boenis --- sebastian-boenisch
Wendell --- wendell
Ömer Toprak --- omer-toprak
Giulio Donati --- giulio-donati
Lukas Boeder --- lukas-boeder
Stefan Reinartz --- stefan-reinartz
Simon Rolfes --- simon-rolfes
Lars Bender --- lars-bender
Hakan Calhanoglu --- hakan-calhanoglu
Levin Öztunali --- levin-oztunali
Julian Brandt --- julian-brandt
Robbie Kruse --- robbie-kruse
Gonzalo Castro --- gonzalo-castro-castro
Vladlen Yurchenk --- vladlen-yurchenko
Karim Bellarabi --- karim-bellarabi
Son Heung-Min --- heung-min-son
Josip Drmic --- josip-drmic
Stefan Kießling --- stefan-kiesling
Ralf Fährmann --- ralf-fahrmann
Christian Wetklo --- christian-wetklo
Fabian Giefer --- fabian-giefer
Timon Wellenreut --- timon-wellenreuther
Marvin Friedrich --- marvin-friedrich
Jan Kirchhoff --- jan-kirchhoff
Benedikt Höwede --- benedikt-howedes
Felipe Santana --- felipe-santana
Sead Kolasinac --- sead-kolasinac
Dennis Aogo --- dennis-aogo
Axel Borgmann --- axel-borgmann
Atsuto Uchida --- atsuto-uchida
Christian Fuchs --- christian-fuchs
Kaan Ayhan --- kaan-ayhan
Joel Matip --- joel-matip
Pascal Itter --- pascal-itter
Thilo Kehrer --- thilo-kehrer
Max Meyer --- max-meyer
Leon Goretzka --- leon-goretzka
Kevin-Prince Boa --- kevin-prince-boateng
Julian Draxler --- julian-draxler
Christian Clemen --- christian-clemens
Marco Höger --- marco-hoger
Eric Choupo-Moti --- eric-choupo-moting
Maurice Multhaup --- maurice-multhaup
Jefferson Farfá --- jefferson-farfan
Sidney Sam --- sidney-sam
Leroy Sane --- leroy-sane
Tranquillo Barne --- tranquillo-barnetta
Roman Neustädte --- roman-neustadter
Marcel Sobottka --- marcel-sobottka
Chinedu Obasi --- chinedu-obasi
Klaas-Jan Huntel --- klaas-jan-huntelaar
Donis Avdijaj --- donis-avdijaj
Moyá --- miguel-angel-moya
Jan Oblak --- jan-oblak
Diego Godín --- diego-godin
Guillherme Sique --- guillherme-siqueira
Cristian Ansaldi --- cristian-ansaldi
Jesús Gámez --- jesus-gamez
Juanfran --- juanfran-torres-belen
Miranda --- miranda
Giménez --- jose-maria-gimenez
Lucas Hernández --- lucas-hernandez
Mario Suárez --- mario-suarez
Tiago --- tiago
Koke --- koke
Raúl García --- raul-garcia
Arda Turan --- arda-turan
Gabi --- gabi
Saúl Ñíguez --- saul-niguez
Cristian Rodríg --- cristian-rodriguez
Sekou Keita --- sekou-keita
Fernando Torres --- fernando-torres
Antoine Griezman --- antoine-griezmann
Mario Mandzukic --- mario-mandzukic
Raúl Jiménez --- raul-jimenez
Alessio Cerci --- alessio-cerci
Mariano Barbosa --- mariano-barbosa
Beto --- beto
Sergio Rico --- sergio-rico
Benoît Trémoul --- benoit-tremoulinas
Fernando Navarro --- fernando-navarro
Diogo Figueiras --- diogo-figueiras
Daniel Carriço --- daniel-carrico
Cicinho --- cicinho
Timothée Kolodz --- timothee-kolodziejczak
Nico Pareja --- nicolas-pareja
Coke --- coke
Alejandro Arriba --- alejandro-arribas
Grzegorz Krychow --- grzegorz-krychowiak
Sebastián Crist --- sebastian-cristoforo
Reyes --- reyes
Vicente Iborra --- vicente-iborra
Denis Suárez --- denis-suarez
Gerard Deulofeu --- gerard-deulofeu
Éver Banega --- ever-banega
Vitolo --- vitolo
Aleix Vidal --- aleix-vidal
Stéphane Mbia --- stephane-mbia
Kevin Gameiro --- kevin-gameiro
Carlos Bacca --- carlos-bacca
Iago Aspas --- iago-aspas
Anthony Lopes --- anthony-lopes
Jeremy Frick --- jeremy-frick
Mathieu Gorgelin --- mathieu-gorgelin
Mehdi Zeffane --- mehdi-zeffane
Henri Bedimo --- henri-bedimo
Bakary Koné --- bakary-kone
Milan Bisevac --- milan-bisevac
Christophe Jalle --- christophe-jallet
Mouhamadou Dabo --- mouhamadou-dabo
Lindsay Rose --- lindsay-rose
Samuel Umtiti --- samuel-umtiti
Romaric N'Gouma --- romaric-ngouma
Gueida Fofana --- gueida-fofana
Clément Grenier --- clement-grenier
Yoann Gourcuff --- yoann-gourcuff
Rachid Ghezzal --- rachid-ghezzal
Jordan Ferri --- jordan-ferri
Steed Malbranque --- steed-malbranque
Nabil Fekir --- nabil-fekir
Maxime Gonalons --- maxime-gonalons
Corentin Tolisso --- corentin-tolisso
Gaël Danic --- gael-danic
Arnold Mvuemba --- arnold-mvuemba
Fares Bahlouli --- fares-bahlouli
Sidy Koné --- sidy-kone
Alexandre Lacaze --- alexandre-lacazette
Mohamed Yattara --- mohamed-yattara
Clinton N'Jie --- clinton-njie
Yassine Benzia --- yassine-benzia
Zakarie Labidi --- zakarie-labidi
Brice Samba --- brice-samba
Steve Mandanda --- steve-mandanda
Julien Fabri --- julian-fabri
Alphousseyni San --- alphousseyni-sane
Baptiste Aloe --- baptiste-aloe
Nicolas N'Koulou --- nicolas-nkoulou
Lucas Mendes --- lucas-mendes
Doria --- doria
Stephane Sparagn --- stephane-sparagna
Gael Andonian --- gael-andonian
Jérémy Morel --- jeremy-morel
Benjamin Mendy --- benjamin-mendy
Rod Fanni --- rod-fanni
Brice Dja Djédj --- brice-dja-djedje
Bill Poni Tuilom --- bill-poni-tuiloma
Alexander N'Doum --- alexander-ndoumbou
Momar Bangoura --- momar-bangoura
Mario Lemina --- mario-lemina
Romain Alessandr --- romain-alessandrini
Florian Thauvin --- florian-thauvin
Dimitri Payet --- dimitri-payet
Jacques-Alaixys  --- jacques-alaixys-romao
Giannelli  Imbul --- gianelli-imbula
Abdel Barrada --- abdel-barrada
Bilal Boutobba --- bilal-boutobba
Wesley Jobello --- wesley-jobello
André-Pierre Gi --- andre-pierre-gignac
André Ayew --- andre-ayew
Billel Omrani --- billel-omrani
Michy Batshuayi --- michy
Jérémie Porsan --- jeremie-porsan-clemente
Baptiste Valette --- baptiste-valette
Stéphane Ruffie --- stephane-ruffier
Jessy Moulin --- jessy-moulin
Maxence Chapuis --- maxence-chapuis
Benjamin Karamok --- benjamin-karamoko
Kévin Théophil --- kevin-theophile-catherine
Florentin Pogba --- florentin-pogba
Jonathan Brison --- jonathan-brison
Paul Baysse --- paul-baysse
Loic Perrin --- loic-perrin
Moustapha Bayal  --- moustapha-bayal-sall
Franck Tabanou --- franck-tabanou
Francois Clerc --- francois-clerc
Jerrold Nyemeck --- jerrold-nyemeck
Jérémy Clémen --- jeremy-clement
Benjamin Corgnet --- benjamin-corgnet
Renaud Cohade --- renaud-cohade
Yohan Mollo --- yohan-mollo
Fabien Lemoine --- fabien-lemoine
Romain Hamouma --- romain-hamouma
Ismael Diomande --- ismael-diomande
Cazim Suljic --- cazim-suljic
Jonathan Bamba --- jonathan-bamba
Max Gradel --- max-gradel
Mevlut Erding --- mevlut-erding
Allan Saint-Maxi --- allan-saint-maximin
Ricky van Wolfsw --- ricky-van-wolfswinkel
Kévin Monnet-Pa --- kevin-monnet-paquet
Nicolas Douchez --- nicolas-douchez
Mike Maignan --- mike-maignan
Salvatore Sirigu --- salvatore-sirigu
Mory Diaw --- mory-diaw
Thiago Silva --- thiago-silva
Marquinhos --- marquinhos
Zoumana Camara --- zoumana-camara
Maxwell --- maxwell
Serge Aurier --- serge-aurier
Lucas Digne --- lucas-digne
Gregory Van der  --- gregory-van-der-wiel
David Luiz --- david-luiz
Presnel Kimpembe --- presnel-kimpembe
Jean-Kevin Augus --- jean-kevin-augustin
Jeremi Kimmakon --- jeremi-kimmakon
Yohan Cabaye --- yohan-cabaye
Lucas Moura --- lucas-moura
Thiago Motta --- thiago-motta
Blaise Matuidi --- blaise-matuidi
Clément Chantô --- clement-chantome
Marco Verratti --- marco-verratti
Adrien Rabiot --- adrien-rabiot
Javier Pastore --- javier-pastore
Edinson Cavani --- edinson-cavani
Zlatan Ibrahimov --- zlatan-ibrahimovic
Jean-Christophe  --- jean-christophe-bahebeck
Ezequiel Lavezzi --- ezequiel-lavezzi
Thomas Martin --- thomas-martin
Danijel Subasic --- danijel-subasic
Maarten Stekelen --- maarten-stekelenburg
Seydou Sy --- seydou-sy
Marc-Aurele Cail --- marc-aurele-caillard
Fabinho --- fabinho-tavares
Layvin Kurzawa --- layvin-kurzawa
Borja López --- borja-lopez
Aymen Abdennour --- aymen-abdennour
Ricardo Carvalho --- ricardo-carvalho
Wallace --- wallace-fortuna-dos-santos
Elderson Echiéj --- elderson
Andrea Raggi --- andrea-raggi
Abdou Diallo --- abdou-diallo
Almamy Touré --- almamy-toure
Aadil Assana --- aadil-assana
Anthony de Freit --- anthony-de-freitas
Nabil Dirar --- nabil-dirar
João Moutinho --- joao-moutinho
Lucas Ocampos --- lucas-ocampos
Tiemoué Bakayok --- tiemoue-bakayoko
Bernardo Silva --- bernardo-silva
Yannick Ferreira --- yannick-ferreira-carrasco
Geoffrey Kondogb --- geoffrey-kondogbia
Jérémy Toulala --- jeremy-toulalan
Dylan Bahamboula --- dylan-bahamboula
Abdou Aziz Thiam --- abdou-aziz-thiam
Aboubakar Kamara --- aboubakar-kamara
Dimitar Berbatov --- dimitar-berbatov
Valère Germain --- valere-germain
Lacina Traoré --- lacina-traore
Anthony Martial --- anthony-martial
Gianluigi Buffon --- gianluigi-buffon
Marco Storari --- marco-storari
Rubinho --- rubinho
Giacomo Volpe --- giacomo-volpe
Emil Audero --- emil-audero
Giorgio Chiellin --- giorgio-chiellini
Martín Cáceres --- martin-caceres
Angelo Ogbonna --- angelo-ogbonna
Andrea Barzagli --- andrea-barzagli
Marco Motta --- marco-motta
Leonardo Bonucci --- leonardo-bonucci
Stephan Lichtste --- stephan-lichtsteiner
Patrice Evra --- patrice-evra
Filippo Romagna --- filippo-romagna
Rômulo --- romulo
Paul Pogba --- paul-pogba
Simone Pepe --- simone-pepe
Claudio Marchisi --- claudio-marchisio
Kingsley Coman --- kingsley-coman
Simone Padoin --- simone-padoin
Andrea Pirlo --- andrea-pirlo
Kwadwo Asamoah --- kwadwo-asamoah
Arturo Vidal --- arturo-vidal
Mattia Vitale --- mattia-vitale
Roberto Pereyra --- roberto-pereyra
Federico Mattiel --- federico-mattiello
Luca Marrone --- luca-marrone
Álvaro Morata --- alvaro-morata
Carlos Tévez --- carlos-tevez
Sebastian Giovin --- sebastian-giovinco
Fernando Llorent --- fernando-llorente
Bogdan Lobont --- bogdan-lobont
Gianluca Curci --- gianluca-curci
Morgan De Sancti --- morgan-de-sanctis
Lukasz Skorupski --- lukasz-skorupski
Gabriele Marcheg --- gabriele-marchegiani
Mapou Yanga-Mbiw --- mapou-yanga-mbiwa
Ashley Cole --- ashley-cole
Leandro Castán --- leandro-castan
Maicon --- maicon
Davide Astori --- davide-astori
José Holebas --- jose-holebas
Vasilis Torosidi --- vasilis-torosidis
Federico Balzare --- federico-balzaretti
Kostas Manolas --- kostas-manolas
Michele Somma --- michele-somma
Urby Emanuelson --- urby-emanuelson
Elio Capradossi --- elio-capradossi
Arturo Calabresi --- arturo-calabresi
Radja Nainggolan --- radja-nainggolan
Kevin Strootman --- kevin-strootman
Miralem Pjanic --- miralem-pjanic
Daniele De Rossi --- daniele-de-rossi
Seydou Keita --- seydou-keita
Alessandro Flore --- alessandro-florenzi
Leandro Paredes --- leandro-paredes
Salih Ucan --- salih-ucan
Juan Iturbe --- juan-iturbe
Adem Ljajic --- adem-ljajic
Marco Borriello --- marco-borriello
Francesco Totti --- francesco-totti
Mattia Destro --- mattia-destro
Gervinho --- gervinho
Daniele Verde --- daniele-verde
Antonio Sanabria --- antonio-sanabria
Etrit Berisha --- etrit-berisha
Federico Marchet --- federico-marchetti
Guido Guerrieri --- guido-guerrieri
Thomas Strakosha --- thomas-strakosha
Michaël Ciani --- michael-ciani
Stefan de Vrij --- stefan-de-vrij
Edson Braafheid --- edson-braafheid
Dusan Basta --- dusan-basta
Abdoulay Konko --- abdoulay-konko
Santiago Gentile --- santiago-gentiletti
Riccardo Serpier --- riccardo-serpieri
Stefan Radu --- stefan-radu
Lorik Cana --- lorik-cana
Luis Pedro Cavan --- luis-pedro-cavanda
Franjo Prce --- franjo-prce
Diego Novaretti --- diego-novaretti
Riccardo Perpetu --- riccardo-perpetuini
Stefano Mauri --- stefano-mauri
Felipe Anderson --- felipe-anderson
Honorato Ederson --- honorato-ederson
Álvaro Gonzále --- alvaro-gonzalez-gonzalez
Marco Parolo --- marco-parolo
Bruno Pereirinha --- bruno-pereirinha
Senad Lulic --- senad-lulic
Lucas Biglia --- lucas-biglia
Ogenyi Onazi --- ogenyi-onazi
Cristian Ledesma --- cristian-ledesma
Danilo Cataldi --- danilo-cataldi
Christopher Oiko --- christopher-oikonomidis
Antonio Candreva --- antonio-candreva
Milos Antic --- milos-antic
Alessandro Murgi --- alessandro-murgia
Giuseppe Sculli --- giuseppe-sculli
Filip Djordjevic --- filip-djordjevic
Miroslav Klose --- miroslav-klose
Keita --- keita
Mamadou Tounkara --- mamadou-tounkara
Rafael Cabral --- rafael-cabral
Nikita Contini --- nikita-contini
Roberto Colombo --- roberto-colombo
Mariano Andujar --- mariano-andujar
Antonio Rosati --- antonio-rosati
Bruno Uvini --- bruno-uvini
Ivan Strinic --- ivan-strinic
Henrique --- henrique-adriano-buss
Miguel Britos --- miguel-britos
Christian Maggio --- christian-maggio
Giandomenico Mes --- giandomenico-mesto
Juan Zuñiga --- juan-zuniga
Kalidou Koulibal --- kalidou-koulibaly
Faouzi Ghoulam --- faouzi-ghoulam
Raúl Albiol --- raul-albiol
Sebastiano Luper --- sebastiano-luperto
Jonathan de Guzm --- jonathan-de-guzman
Jorginho --- jorginho
Dries Mertens --- dries-mertens
Marek Hamsik --- marek-hamsik
David López --- david-lopez-lopez-silva
Josip Radosevic --- josip-radosevic
Alfredo Bifulco --- alfredo-bifulco
Antonio Romano --- antonio-romano
Walter Gargano --- walter-gargano
Gökhan Inler --- gokhan-inler
José Callejón --- jose-callejon
Gonzalo Higuaín --- gonzalo-higuain
Michu --- michu
Manolo Gabbiadin --- manolo-gabbiadini
Lorenzo Insigne --- lorenzo-insigne
Duván Zapata --- duvan-zapata
Neto --- neto
Ciprian Tatarusa --- ciprian-tatarusanu
Cristiano Lupate --- cristiano-lupatelli
Luca Lezzerini --- luca-lezzerini
Lorenzo Bardini --- lorenzo-bardini
Gonzalo Rodrígu --- gonzalo-rodriguez
Micah Richards --- micah-richards
Stefan Savic --- stefan-savic
José Basanta --- jose-basanta
Manuel Pasqual --- manuel-pasqual
Marcos Alonso --- marcos-alonso
Gianluca Mancini --- gianluca-mancini
Ricardo Bagadur --- ricardo-bagadur
Nenad Tomovic --- nenad-tomovic
Edoardo Masciang --- edoardo-masciangelo
Enea Sanna --- enea-sanna
Ahmed Hegazy --- ahmed-hegazy
Milan Badelj --- milan-badelj
Juan Vargas --- juan-vargas
David Pizarro --- david-pizarro
Marko Marin --- marko-marin
Alberto Aquilani --- alberto-aquilani
Juan Guillermo C --- juan-guillermo-cuadrado
Oleksandr Iakove --- oleksandr-iakovenko
Matías Fernánd --- matias-fernandez
Jasmin Kurtic --- jasmin-kurtic
Joaquín --- joaquin
Borja Valero --- borja-valero
Joshua Brillante --- joshua-brillante
Andrea Lazzari --- andrea-lazzari
Luzayadio Bangu --- luzayadio-bangu
Jacopo Petriccio --- jacopo-petriccione
Simone Minelli --- simone-minelli
Josip Ilicic --- josip-ilicic
Octávio --- octavio
Alessandro Diama --- alessandro-diamanti
Giuseppe Rossi --- giuseppe-rossi
Federico Bernard --- federico-bernardeschi
Khouma Babacar --- khouma-babacar
Mario Gomez --- mario-gomez
Mounir El Hamdao --- mounir-el-hamdaoui
Michael Agazzi --- michael-agazzi
Diego López --- diego-lopez
Christian Abbiat --- christian-abbiati
Stefano Gori --- stefano-gori
Mattia De Scigli --- mattia-de-sciglio
Philippe Mexes --- philippe-mexes
Adil Rami --- adil-rami
Michelangelo Alb --- michelangelo-albertazzi
Cristian Zapata --- cristian-zapata
Ignazio Abate --- ignazio-abate
Daniele Bonera --- daniele-bonera
Pablo Armero --- pablo-armero
Alex --- alex-da-dias-costa
Cristian Zaccard --- cristian-zaccardo
Ivan De Santis --- ivan-de-santis
Sulley Ali Munta --- sulley-ali-muntari
Riccardo Saponar --- riccardo-saponara
Michael Essien --- michael-essien
Andrea Poli --- andrea-poli
Riccardo Montoli --- riccardo-montolivo
Marco Van Ginkel --- marco-van-ginkel
Giacomo Bonavent --- giacomo-bonaventura
Nigel de Jong --- nigel-de-jong
Fernando Torres --- fernando-torres
Kingsley Boateng --- kingsley-boateng
Jérémy Menez --- jeremy-menez
Keisuke Honda --- keisuke-honda
Giampaolo Pazzin --- giampaolo-pazzini
M'Baye Niang --- mbaye-niang
Alessio Cerci --- alessio-cerci
Stephan El Shaar --- stephan-el-shaarawy
Hachim Mastour --- hachim-mastour
Samir Handanovic --- samir-handanovic
Juan Pablo Carri --- juan-pablo-carrizo
Tommaso Berni --- tommaso-berni
Davide Costa --- davide-costa
Jonathan --- jonathan
Juan Jesus --- juan-jesus
Marco Andreolli --- marco-andreolli
Hugo Campagnaro --- hugo-campagnaro
Nemanja Vidic --- nemanja-vidic
Dodô --- dodo
Andrea Ranocchia --- andrea-ranocchia
Giacomo Sciacca --- giacomo-sciacca
Ibrahima Mbaye --- ibrahima-mbaye
Danilo D'Ambrosi --- danilo-dambrosio
Isaac Donkor --- isaac-donkor
Yuto Nagatomo --- yuto-nagatomo
Federico Dimarco --- federico-dimarco
Guy Yao --- guy-yao
Mateo Kovacic --- mateo-kovacic
Fredy Guarín --- fredy-guarin
Zdravko Kuzmanov --- zdravko-kuzmanovic
Gary Medel --- gary-medel
Joel Obi --- joel-obi
Assane Demoya Gn --- assane-demoya-gnoukouri
Gaston Camara --- gaston-camara
René Krhin --- rene-krhin
Hernanes --- hernanes
Yann M'Vila --- yann-mvila
Xherdan Shaqiri --- xherdan-shaqiri
Enrico Baldini --- enrico-baldini
Andrea Palazzi --- andrea-palazzi
Pablo Daniel Osv --- pablo-daniel-osvaldo
Rodrigo Palacio --- rodrigo-palacio
Mauro Icardi --- mauro-icardi
Lukas Podolski --- lukas-podolski
George Puscas --- george-puscas
Federico Bonazzo --- federico-bonazzoli
